{"cameraMode":{"drawMode":0,"name":"Shaded","section":"Shading Mode"},"sceneLighting":false,"audioPlay":false,"sceneViewState":{"showFog":true,"showMaterialUpdate":false,"showSkybox":false,"showFlares":true,"showImageEffects":true,"showParticleSystems":true},"in2DMode":false,"pivot":{"x":-1.3727388381958008,"y":-0.029063548892736436,"z":-0.1647832840681076},"rotation":{"x":-0.011982383206486702,"y":0.05455944314599037,"z":-0.0006521894247271121,"w":-0.9984516501426697},"size":4.739264488220215,"orthographic":false}