{"cameraMode":{"drawMode":0,"name":"Shaded","section":"Shading Mode"},"sceneLighting":false,"audioPlay":false,"sceneViewState":{"showFog":true,"showMaterialUpdate":false,"showSkybox":false,"showFlares":true,"showImageEffects":true,"showParticleSystems":true},"in2DMode":false,"pivot":{"x":-3.613903522491455,"y":0.0693892166018486,"z":0.11985978484153748},"rotation":{"x":-0.016020771116018297,"y":-0.6463066935539246,"z":0.013575388118624688,"w":-0.7628061771392822},"size":4.739264488220215,"orthographic":false}