{"cameraMode":{"drawMode":0,"name":"Shaded","section":"Shading Mode"},"sceneLighting":false,"audioPlay":false,"sceneViewState":{"showFog":true,"showMaterialUpdate":false,"showSkybox":false,"showFlares":true,"showImageEffects":true,"showParticleSystems":true},"in2DMode":false,"pivot":{"x":3.0769150257110597,"y":-2.5132975578308107,"z":-26.75931167602539},"rotation":{"x":0.12273741513490677,"y":0.7058064341545105,"z":-0.12624885141849519,"w":0.6861745715141296},"size":4.739264488220215,"orthographic":false}